<?xml version="1.0" encoding="UTF-8"?>

<!DOCTYPE mapper
  PUBLIC "-//mybatis.org//DTD Mapper 3.0//EN"
  "http://mybatis.org/dtd/mybatis-3-mapper.dtd">

<mapper namespace="org.tukorea.myweb.mapper.MemberMapper">
  
  
 	<select id="getTime" resultType="string">
 		select now()
 	</select>
 	
     <insert id="insert"> 
   		insert into member (id, passwd, name, num, address) values
 		(#{id}, #{passwd}, #{name}, #{num}, #{address})
     </insert> 
 	
     <select id="selectByid" resultType="MemberVO">
 		select * from member where id = #{id}
     </select>
 	
     <select id="selectAll" resultType="org.tukorea.myweb.domain.MemberVO">
     <![CDATA[
 		select * from member
      ]]> 
     </select>
 	
     <update id="update">
	 	update member set id =#{id}, passwd =#{passwd}, name =#{name}, 
			num =#{num}, address =#{address}
		 where id = #{id}
    </update>
 
    <delete id="delete">
		delete from member where id = #{id}
    </delete>

	
</mapper>  