<?xml version="1.0" encoding="UTF-8"?>

<!DOCTYPE mapper
  PUBLIC "-//mybatis.org//DTD Mapper 3.0//EN"
  "http://mybatis.org/dtd/mybatis-3-mapper.dtd">

<mapper namespace="org.tukorea.myweb.mapper.ShoesMapper">
  
  
 	<select id="getTime" resultType="string">
 		select now()
 	</select>
 	
     <insert id="insert"> 
   		insert into shoes (pid, pname, price, brand, color, inven) values
 		(#{pid}, #{pname}, #{price}, #{brand}, #{color}, #{inven})
     </insert> 
 	
     <select id="selectBypid" resultType="ShoesVO">
 		select * from shoes where pid = #{pid}
     </select>
 	
     <select id="selectAll" resultType="org.tukorea.myweb.domain.ShoesVO">
     <![CDATA[
 		select * from shoes
      ]]> 
     </select>
 	
     <update id="update">
	 	update shoes set pid =#{pid}, pname =#{pname}, price =#{price}, brand =#{brand}, 
			color =#{color}, inven =#{inven}
		 where pid = #{pid}
    </update>
 
    <delete id="delete">
		delete from shoes where pid = #{pid}
    </delete>

	
</mapper>  